[
    {
        "page_number": 1,
        "EN": "YOU WILL NOT BE DISAPPOINTED",
        "CN": "您不会失望的"
    },
    {
        "page_number": 2,
        "EN": "SHOW YOUR APPRECIATION",
        "CN": "表达您的感激之情"
    },
    {
        "page_number": 3,
        "EN": "YOUR ACTIONS WILL IMPROVE THINGS",
        "CN": "你的行动会让事情变得更好"
    },
    {
        "page_number": 4,
        "EN": "DON’T BET ON IT",
        "CN": "不要押注"
    },
    {
        "page_number": 5,
        "EN": "ADOPT AN ADVENTUROUS ATTITUDE",
        "CN": "采取冒险的态度"
    },
    {
        "page_number": 6,
        "EN": "FOLLOW THE ADVICE OF EXPERTS",
        "CN": "遵循专家的建议"
    },
    {
        "page_number": 7,
        "EN": "YOU COULD FIND YOURSELFUNABLE TO COMPROMISE",
        "CN": "您可能会发现自己无法妥协"
    },
    {
        "page_number": 8,
        "EN": "FOCUS ON YOUR HOME LIFE",
        "CN": "专注于您的家庭生活"
    },
    {
        "page_number": 9,
        "EN": "INVESTIGATE AND THEN ENJOY IT",
        "CN": "调查然后享受它"
    },
    {
        "page_number": 10,
        "EN": "DEFINITELY",
        "CN": "绝对"
    },
    {
        "page_number": 11,
        "EN": "ONLY DO IT ONCE",
        "CN": "只做一次"
    },
    {
        "page_number": 12,
        "EN": "YOU MAY HAVE OPPOSITION",
        "CN": "您可能会有反对意见"
    },
    {
        "page_number": 13,
        "EN": "IT WILL REMAIN UNPREDICTABLE",
        "CN": "它仍然不可预测"
    },
    {
        "page_number": 14,
        "EN": "YOU’LL NEED TO TAKE THE INITIATIVE",
        "CN": "你需要主动出击"
    },
    {
        "page_number": 15,
        "EN": "CONSIDER IT AN OPPORTUNITY",
        "CN": "将其视为机会"
    },
    {
        "page_number": 16,
        "EN": "BE DELIBERATE",
        "CN": "深思熟虑"
    },
    {
        "page_number": 17,
        "EN": "ABSOLUTELY  NOT",
        "CN": "绝对不行"
    },
    {
        "page_number": 18,
        "EN": "EXPLORE IT WITH PLAYFUL CURIOSITY",
        "CN": "带着俏皮的好奇心探索它"
    },
    {
        "page_number": 19,
        "EN": "PERHAPS, WHEN YOU’RE OLDER",
        "CN": "也许，当你年纪大了"
    },
    {
        "page_number": 20,
        "EN": "BE DELIGHTFULLY SURE OF IT",
        "CN": "令人愉快地确定它"
    },
    {
        "page_number": 21,
        "EN": "BETTER TO WAIT",
        "CN": "最好等一等"
    },
    {
        "page_number": 22,
        "EN": "REPRIORITIZE WHAT ISIMPORTANT",
        "CN": "重新确定重要内容的优先级"
    },
    {
        "page_number": 23,
        "EN": "IT SEEMS ASSURED",
        "CN": "似乎很确定"
    },
    {
        "page_number": 24,
        "EN": "CREATE MORE SPACE FOR IT",
        "CN": "为 IT 创造更多空间"
    },
    {
        "page_number": 25,
        "EN": "DO IT EARLY",
        "CN": "尽早行动"
    },
    {
        "page_number": 26,
        "EN": "KEEP IT TO YOURSELF",
        "CN": "留给自己"
    },
    {
        "page_number": 27,
        "EN": "ALLOW YOURSELF TO REST FIRST",
        "CN": "先让自己休息"
    },
    {
        "page_number": 28,
        "EN": "IT IS SENSIBLE",
        "CN": "这是明智的"
    },
    {
        "page_number": 29,
        "EN": "YOU’LL HAVE TO MAKE IT UP AS YOU GO",
        "CN": "你得边走边补"
    },
    {
        "page_number": 30,
        "EN": "STARTLING EVENTS MAY OCCURAS A RESULT",
        "CN": "结果可能会发生令人震惊的事件"
    },
    {
        "page_number": 31,
        "EN": "THE ANSWER MAY COME TO YOU IN ANOTHER LANGUAGE",
        "CN": "答案可能会以另一种语言呈现给您"
    },
    {
        "page_number": 32,
        "EN": "YOU WILL NEED TOACCOMMODATE",
        "CN": "您需要适应"
    },
    {
        "page_number": 33,
        "EN": "DOUBT IT",
        "CN": "怀疑"
    },
    {
        "page_number": 34,
        "EN": "IT WILL BRING GOOD LUCK",
        "CN": "它会带来好运"
    },
    {
        "page_number": 35,
        "EN": "IT MAY BE CHALLENGING, BUTYOU WILL FIND VALUE IN IT",
        "CN": "这可能具有挑战性，但您会在其中找到价值"
    },
    {
        "page_number": 36,
        "EN": "BE PATIENT",
        "CN": "要有耐心"
    },
    {
        "page_number": 37,
        "EN": "YOU WILL FIND OUT EVERYTHING YOU’LL NEED TO KNOW",
        "CN": "您将了解您需要了解的一切"
    },
    {
        "page_number": 38,
        "EN": "THERE IS A SUBSTANTIAL LINK TO ANOTHER SITUATION",
        "CN": "与另一种情况有实质性的联系"
    },
    {
        "page_number": 39,
        "EN": "WATCH AND SEE WHAT HAPPENS",
        "CN": "观看并看看会发生什么"
    },
    {
        "page_number": 40,
        "EN": "YOU KNOW BETTER NOW THAN EVER BEFORE",
        "CN": "您现在比以往任何时候都更清楚"
    },
    {
        "page_number": 41,
        "EN": "IT WILL AFFECT HOW OTHERSSEE YOU",
        "CN": "它会影响别人如何看待您"
    },
    {
        "page_number": 42,
        "EN": "RECONSIDER YOUR APPROACH",
        "CN": "重新考虑您的方法"
    },
    {
        "page_number": 43,
        "EN": "YOU’LL BE HAPPY YOU DID",
        "CN": "你会很高兴你做到了"
    },
    {
        "page_number": 44,
        "EN": "GET IT IN WRITING",
        "CN": "以书面形式获取"
    },
    {
        "page_number": 45,
        "EN": "UNFAVORABLE AT THIS TIME",
        "CN": "目前不利"
    },
    {
        "page_number": 46,
        "EN": "IT IS NOT SOMETHING TO BE TAKEN LIGHTLY",
        "CN": "这不是一件可以掉以轻心的事情"
    },
    {
        "page_number": 47,
        "EN": "UPGRADE IN ANY WAY YOU CAN",
        "CN": "尽你所能升级"
    },
    {
        "page_number": 48,
        "EN": "IF YOU DO AS YOU’RE TOLD",
        "CN": "如果你按照吩咐去做"
    },
    {
        "page_number": 49,
        "EN": "IF IT’S DONE WELLIF NOT, DON’T DO IT AT ALL",
        "CN": "如果做得好如果做得不好，就根本不做"
    },
    {
        "page_number": 50,
        "EN": "DON’T ASK FOR ANY MORE AT THIS TIME",
        "CN": "此时不要再要求更多了"
    },
    {
        "page_number": 51,
        "EN": "AVOID THE FIRST SOLUTION",
        "CN": "避免使用第一种解决方案"
    },
    {
        "page_number": 52,
        "EN": "YOU’LL GET THE FINAL WORD",
        "CN": "你会得到最终决定"
    },
    {
        "page_number": 53,
        "EN": "PROCEED AT A MORE RELAXEDPACE",
        "CN": "以更轻松的速度进行"
    },
    {
        "page_number": 54,
        "EN": "THE BEST SOLUTION MAY NOT BE THE OBVIOUS ONE",
        "CN": "最好的解决方案可能不是显而易见的"
    },
    {
        "page_number": 55,
        "EN": "REMAIN FLEXIBLE",
        "CN": "保持灵活性"
    },
    {
        "page_number": 56,
        "EN": "RESPECT THE RULES",
        "CN": "尊重规则"
    },
    {
        "page_number": 57,
        "EN": "TAKE THE LEAD",
        "CN": "带头"
    },
    {
        "page_number": 58,
        "EN": "CHOOSE YOUR WORDS THOUGHTFULLY",
        "CN": "深思熟虑地选择你的词语"
    },
    {
        "page_number": 59,
        "EN": "YOU MAY BE HANGING ON TO AN OUTDATED IDEAL",
        "CN": "你可能坚持着一个过时的理想"
    },
    {
        "page_number": 60,
        "EN": "THERE MAY BE A STRUGGLE",
        "CN": "可能会有一场斗争"
    },
    {
        "page_number": 61,
        "EN": "YOU’LL HAVE THE ENTHUSIASM YOU’LL NEED",
        "CN": "您将拥有所需的热情"
    },
    {
        "page_number": 62,
        "EN": "PROVIDED YOU SAY “THANK YOU”",
        "CN": "前提是您说“谢谢”"
    },
    {
        "page_number": 63,
        "EN": "ENJOY THE EXPERIENCE",
        "CN": "享受体验"
    },
    {
        "page_number": 64,
        "EN": "APPROACH CAUTIOUSLY",
        "CN": "谨慎接近"
    },
    {
        "page_number": 65,
        "EN": "BE YOUR OWN BEST ADVOCATE",
        "CN": "成为您自己的最佳倡导者"
    },
    {
        "page_number": 66,
        "EN": "BE HAPPY FOR ANOTHER",
        "CN": "为另一个人感到高兴"
    },
    {
        "page_number": 67,
        "EN": "PAY ATTENTION TO THE DETAILS",
        "CN": "注意细节"
    },
    {
        "page_number": 68,
        "EN": "WATCH YOUR STEP AS YOU GO",
        "CN": "在你走的时候注意你的脚步"
    },
    {
        "page_number": 69,
        "EN": "SPEAK UP ABOUT IT",
        "CN": "大声说出来"
    },
    {
        "page_number": 70,
        "EN": "DON’T HESITATE",
        "CN": "不要犹豫"
    },
    {
        "page_number": 71,
        "EN": "THIS IS A GOOD TIME TO MAKE A NEW PLAN",
        "CN": "现在是制定新计划的好时机"
    },
    {
        "page_number": 72,
        "EN": "MOVE ON",
        "CN": "冘"
    },
    {
        "page_number": 73,
        "EN": "A STRONG COMMITMENT WILL ACHIEVE GOOD RESULTS",
        "CN": "坚定的承诺将取得良好的结果"
    },
    {
        "page_number": 74,
        "EN": "IT MAY NOT BE LOGICAL",
        "CN": "这可能不合逻辑"
    },
    {
        "page_number": 75,
        "EN": "THERE IS NO GUARANTEE",
        "CN": "没有保证"
    },
    {
        "page_number": 76,
        "EN": "THE CIRCUMSTANCES COULD CHANGE VERY QUICKLY",
        "CN": "情况可能会很快发生变化"
    },
    {
        "page_number": 77,
        "EN": "DON’T GET CAUGHT UP IN YOUR EMOTIONS",
        "CN": "不要被你的情绪所困扰"
    },
    {
        "page_number": 78,
        "EN": "SHIFT YOUR FOCUS",
        "CN": "转移您的关注点"
    },
    {
        "page_number": 79,
        "EN": "IT IS SIGNIFICANT",
        "CN": "这很重要"
    },
    {
        "page_number": 80,
        "EN": "REPRIORITIZE WHAT ISIMPORTANT",
        "CN": "重新确定重要内容的优先级"
    },
    {
        "page_number": 81,
        "EN": "MAKE A LIST OF WHY NOT",
        "CN": "列出为什么不"
    },
    {
        "page_number": 82,
        "EN": "DON’T WAIT",
        "CN": "还等什么"
    },
    {
        "page_number": 83,
        "EN": "TAKE YOUR TIME",
        "CN": "别着急"
    },
    {
        "page_number": 84,
        "EN": "THERE IS GOOD REASON TO BEOPTIMISTIC",
        "CN": "有充分的理由保持乐观"
    },
    {
        "page_number": 85,
        "EN": "IT IS SOMETHING YOU WON’TFORGET",
        "CN": "这是你不会忘记的"
    },
    {
        "page_number": 86,
        "EN": "SEEK OUT MORE OPTIONS",
        "CN": "寻找更多选项"
    },
    {
        "page_number": 87,
        "EN": "FOLLOW THROUGH ON YOUR OBLIGATIONS",
        "CN": "履行您的义务"
    },
    {
        "page_number": 88,
        "EN": "DEAL WITH IT LATER",
        "CN": "稍后再处理"
    },
    {
        "page_number": 89,
        "EN": "REVEAL YOUR THOUGHTS TO ATRUSTED CONFIDANTE",
        "CN": "向 ATRUSTED 的红颜知己透露您的想法"
    },
    {
        "page_number": 90,
        "EN": "FOLLOW SOMEONE ELSE’S LEAD",
        "CN": "跟随别人的脚步"
    },
    {
        "page_number": 91,
        "EN": "YOU COULD FIND YOURSELFUNABLE TO COMPROMISE",
        "CN": "您可能会发现自己无法妥协"
    },
    {
        "page_number": 92,
        "EN": "MAKE A LIST OF WHY",
        "CN": "列出原因"
    },
    {
        "page_number": 93,
        "EN": "TAKE A CHANCE",
        "CN": "抓住机会"
    },
    {
        "page_number": 94,
        "EN": "YOUR ACTIONS WILL IMPROVE THINGS",
        "CN": "你的行动会让事情变得更好"
    },
    {
        "page_number": 95,
        "EN": "ASK FOR HELP",
        "CN": "寻求帮助"
    },
    {
        "page_number": 96,
        "EN": "KNOW WHEN IT’S TIME TO GO",
        "CN": "知道什么时候该出发"
    },
    {
        "page_number": 97,
        "EN": "ACCEPT A CHANGE TO YOURROUTINE",
        "CN": "接受对 YOUR ROUTINE 的更改"
    },
    {
        "page_number": 98,
        "EN": "YOU’LL NEED TO TAKE THE INITIATIVE",
        "CN": "你需要主动出击"
    },
    {
        "page_number": 99,
        "EN": "YOU’LL HAVE TO COMPROMISE",
        "CN": "你得妥协"
    },
    {
        "page_number": 100,
        "EN": "YOU NEED MORE INFORMATION",
        "CN": "您需要更多信息"
    },
    {
        "page_number": 101,
        "EN": "TRUST YOUR ORIGINAL THOUGHT",
        "CN": "相信你的初心"
    },
    {
        "page_number": 102,
        "EN": "SEEK OUT THE PATH OF LEAST RESISTANCE",
        "CN": "寻找阻力最小的路径"
    },
    {
        "page_number": 103,
        "EN": "IT WILL CREATE A STIR",
        "CN": "它会引起轰动"
    },
    {
        "page_number": 104,
        "EN": "YOU’LL OVERCOME ANY OBSTACLES",
        "CN": "你会克服任何障碍"
    },
    {
        "page_number": 105,
        "EN": "IT WOULD BE BETTER TO FOCUS ON YOUR WORK",
        "CN": "最好专注于您的工作"
    },
    {
        "page_number": 106,
        "EN": "IT WILL BE A PLEASURE",
        "CN": "这将是一种乐趣"
    },
    {
        "page_number": 107,
        "EN": "BE MORE GENEROUS",
        "CN": "更慷慨"
    },
    {
        "page_number": 108,
        "EN": "BET ON IT",
        "CN": "押注"
    },
    {
        "page_number": 109,
        "EN": "GOOD THINGS ARE SEEKINGYOU OUT",
        "CN": "好事在寻找你"
    },
    {
        "page_number": 110,
        "EN": "DON’T LEAVE ROOM FOR REGRET",
        "CN": "不要留下遗憾的余地"
    },
    {
        "page_number": 111,
        "EN": "MAKE A CONTRIBUTION",
        "CN": "做出贡献"
    },
    {
        "page_number": 112,
        "EN": "MISHAPS ARE HIGHLY PROBABLE",
        "CN": "发生事故的可能性很大"
    },
    {
        "page_number": 113,
        "EN": "PRESS FOR CLOSURE",
        "CN": "按压闭合"
    },
    {
        "page_number": 114,
        "EN": "REALIZE THAT TOO MANY CHOICES CAN BE AS DIFFICULTAS TOO FEW",
        "CN": "意识到太多的选择和太少的选择一样困难"
    },
    {
        "page_number": 115,
        "EN": "YES",
        "CN": "是的"
    },
    {
        "page_number": 116,
        "EN": "LISTEN CAREFULLY THEN YOUWILL KNOW",
        "CN": "仔细听然后你就会知道"
    },
    {
        "page_number": 117,
        "EN": "THE ANSWER IS IN YOUR BACKYARD",
        "CN": "答案就在你的后院"
    },
    {
        "page_number": 118,
        "EN": "LAUGH ABOUT IT",
        "CN": "笑着说"
    },
    {
        "page_number": 119,
        "EN": "LET YOUR EMOTIONS GUIDE YOU",
        "CN": "让您的情绪引导您"
    },
    {
        "page_number": 120,
        "EN": "OTHERS WILL DEPEND ON YOUR CHOICES",
        "CN": "其他将取决于您的选择"
    },
    {
        "page_number": 121,
        "EN": "LET IT GO",
        "CN": "让它走"
    },
    {
        "page_number": 122,
        "EN": "IT’S TIME FOR YOU TO GO",
        "CN": "是时候让你走了"
    },
    {
        "page_number": 123,
        "EN": "DON’T BE DISTRACTED",
        "CN": "不要分心"
    },
    {
        "page_number": 124,
        "EN": "GIVE IT ALL YOU’VE GOT",
        "CN": "全力以赴"
    },
    {
        "page_number": 125,
        "EN": "YOU DON’T REALLY CARE",
        "CN": "你真的不在乎"
    },
    {
        "page_number": 126,
        "EN": "YOU’LL NEED TO CONSIDER OTHER WAYS",
        "CN": "您需要考虑其他方式"
    },
    {
        "page_number": 127,
        "EN": "A YEAR FROM NOW IT WON’TMATTER",
        "CN": "一年后，这无关紧要"
    },
    {
        "page_number": 128,
        "EN": "FOLLOW THE ADVICE OF EXPERTS",
        "CN": "遵循专家的建议"
    },
    {
        "page_number": 129,
        "EN": "IT COULD BE EXTRAORDINARY",
        "CN": "这可能是非同寻常的"
    },
    {
        "page_number": 130,
        "EN": "COUNT TO TEN ASK AGAIN",
        "CN": "再次计数到 TENASK"
    },
    {
        "page_number": 131,
        "EN": "ACT AS THOUGH IT IS ALREADY REAL",
        "CN": "表现得好像它已经是真实的一样"
    },
    {
        "page_number": 132,
        "EN": "SETTING PRIORITIES WILL BE A NECESSARY PART OF THE PROCESS",
        "CN": "设定优先级将是该过程的必要部分"
    },
    {
        "page_number": 133,
        "EN": "USE YOUR IMAGINATION",
        "CN": "发挥你的想象力"
    },
    {
        "page_number": 134,
        "EN": "IT’S GONNA BE GREAT",
        "CN": "太棒了"
    },
    {
        "page_number": 135,
        "EN": "TO ENSURE THE BEST DECISION, BE CALM",
        "CN": "为了确保做出最佳决定，请保持冷静"
    },
    {
        "page_number": 136,
        "EN": "WAIT",
        "CN": "等"
    },
    {
        "page_number": 137,
        "EN": "YOU’LL HAVE TO MAKE IT UP AS YOU GO",
        "CN": "你得边走边补"
    },
    {
        "page_number": 138,
        "EN": "FOLLOW THE DIRECTIONS",
        "CN": "按照指示作"
    },
    {
        "page_number": 139,
        "EN": "UNQUESTIONABLY",
        "CN": "毫无疑问"
    },
    {
        "page_number": 140,
        "EN": "OF COURSE",
        "CN": "答案是肯定的"
    },
    {
        "page_number": 141,
        "EN": "LOOK FOR WHAT MAY BEHIDDEN",
        "CN": "寻找可能隐藏的东西"
    },
    {
        "page_number": 142,
        "EN": "YOU KNOW BETTER NOW THAN EVER BEFORE",
        "CN": "您现在比以往任何时候都更清楚"
    },
    {
        "page_number": 143,
        "EN": "TRUST YOUR INTUITION",
        "CN": "相信你的直觉"
    },
    {
        "page_number": 144,
        "EN": "DON’T MISS AN OPPORTUNITY",
        "CN": "不要错过任何机会"
    },
    {
        "page_number": 145,
        "EN": "ASK YOUR FATHER",
        "CN": "问问你的爸爸"
    },
    {
        "page_number": 146,
        "EN": "ASK YOUR MOTHER",
        "CN": "问问你的妈妈"
    },
    {
        "page_number": 147,
        "EN": "PERHAPS, WHEN YOU’RE OLDER",
        "CN": "也许，当你年纪大了"
    },
    {
        "page_number": 148,
        "EN": "MAYBE",
        "CN": "或"
    },
    {
        "page_number": 149,
        "EN": "FINISH SOMETHING ELSE FIRST",
        "CN": "先完成其他内容"
    },
    {
        "page_number": 150,
        "EN": "YOU MAY HAVE OPPOSITION",
        "CN": "您可能会有反对意见"
    },
    {
        "page_number": 151,
        "EN": "YOU ARE TOO CLOSE TO SEE",
        "CN": "你离得太近了，看不见"
    },
    {
        "page_number": 152,
        "EN": "THE SITUATION IS UNCLEAR",
        "CN": "情况尚不清楚"
    },
    {
        "page_number": 153,
        "EN": "A SUBSTANTIAL EFFORT WILL BE REQUIRED",
        "CN": "需要付出巨大的努力"
    },
    {
        "page_number": 154,
        "EN": "ALLOW YOURSELF TO REST FIRST",
        "CN": "先让自己休息"
    },
    {
        "page_number": 155,
        "EN": "THE CHANCE WILL NOT COMEAGAIN SOON",
        "CN": "机会不会很快再次出现"
    },
    {
        "page_number": 156,
        "EN": "THE ANSWER MAY COME TO YOU IN ANOTHER LANGUAGE",
        "CN": "答案可能会以另一种语言呈现给您"
    },
    {
        "page_number": 157,
        "EN": "RECONSIDER YOUR APPROACH",
        "CN": "重新考虑您的方法"
    },
    {
        "page_number": 158,
        "EN": "IT WOULD BE INADVISABLE",
        "CN": "这是不可取的"
    },
    {
        "page_number": 159,
        "EN": "THERE IS A SMALL PRICE TO PAY",
        "CN": "要付出的代价很小"
    },
    {
        "page_number": 160,
        "EN": "WAIT FOR A BETTER OFFER",
        "CN": "等待更好的报价"
    },
    {
        "page_number": 161,
        "EN": "SETTLE IT SOON",
        "CN": "尽快解决"
    },
    {
        "page_number": 162,
        "EN": "REMAIN OBJECTIVE",
        "CN": "保持客观"
    },
    {
        "page_number": 163,
        "EN": "YES, BUT DON’T FORCE IT",
        "CN": "是的，但不要强迫它"
    },
    {
        "page_number": 164,
        "EN": "GET A CLEARER VIEW",
        "CN": "获得更清晰的视图"
    },
    {
        "page_number": 165,
        "EN": "BE DELIGHTFULLY SURE OF IT",
        "CN": "令人愉快地确定它"
    },
    {
        "page_number": 166,
        "EN": "NOW YOU CAN",
        "CN": "现在您可以"
    },
    {
        "page_number": 167,
        "EN": "PROVIDED YOU SAY “THANK YOU”",
        "CN": "前提是您说“谢谢”"
    },
    {
        "page_number": 168,
        "EN": "DON’T OVERDO IT",
        "CN": "不要过度"
    },
    {
        "page_number": 169,
        "EN": "IT WILL SUSTAIN YOU",
        "CN": "它会支持你"
    },
    {
        "page_number": 170,
        "EN": "IT COULD COST YOU",
        "CN": "这可能会让您付出代价"
    },
    {
        "page_number": 171,
        "EN": "ADOPT AN ADVENTUROUS ATTITUDE",
        "CN": "采取冒险的态度"
    },
    {
        "page_number": 172,
        "EN": "IT IS SURE TO MAKE THINGS INTERESTING",
        "CN": "它肯定会让事情变得有趣"
    },
    {
        "page_number": 173,
        "EN": "BE PRACTICAL",
        "CN": "务实"
    },
    {
        "page_number": 174,
        "EN": "ARE YOU READY?",
        "CN": "准备好了吗？"
    },
    {
        "page_number": 175,
        "EN": "SAVE YOUR ENERGY",
        "CN": "节省您的能源"
    },
    {
        "page_number": 176,
        "EN": "PAY ATTENTION TO THE DETAILS",
        "CN": "注意细节"
    },
    {
        "page_number": 177,
        "EN": "IT IS CERTAIN",
        "CN": "这是肯定的"
    },
    {
        "page_number": 178,
        "EN": "IT IS UNCERTAIN",
        "CN": "尚不确定"
    },
    {
        "page_number": 179,
        "EN": "THE OUTCOME WILL BE POSITIVE",
        "CN": "结果将是积极的"
    },
    {
        "page_number": 180,
        "EN": "YOU MAY HAVE TO DROP OTHER THINGS",
        "CN": "你可能不得不放弃其他东西"
    },
    {
        "page_number": 181,
        "EN": "DON’T BE CONCERNED",
        "CN": "不用担心"
    },
    {
        "page_number": 182,
        "EN": "PREPARE FOR THE UNEXPECTED",
        "CN": "为意外情况做好准备"
    },
    {
        "page_number": 183,
        "EN": "TELL SOMEONE WHAT IT MEANS TO YOU",
        "CN": "告诉别人这对你意味着什么"
    },
    {
        "page_number": 184,
        "EN": "WHATEVER YOU DO, THE RESULTS WILL BE LASTING",
        "CN": "无论你做什么，结果都是持久的"
    },
    {
        "page_number": 185,
        "EN": "KEEP AN OPEN MIND",
        "CN": "保持开放的心态"
    },
    {
        "page_number": 186,
        "EN": "IT’S A GOOD TIME TO MAKEPLANS",
        "CN": "现在是制定计划的好时机"
    },
    {
        "page_number": 187,
        "EN": "IT MAY BE AMBITIOUS, BUT YOU WILL FIND VALUE IN IT",
        "CN": "它可能雄心勃勃，但您会发现其中的价值"
    },
    {
        "page_number": 188,
        "EN": "IT IS WORTH THE TROUBLE",
        "CN": "值得这么麻烦"
    },
    {
        "page_number": 189,
        "EN": "YOU’LL OVERCOME ANY OBSTACLES",
        "CN": "你会克服任何障碍"
    },
    {
        "page_number": 190,
        "EN": "RELATED ISSUES MAY SURFACE",
        "CN": "相关问题可能会浮出水面"
    },
    {
        "page_number": 191,
        "EN": "YOU ARE SURE TO HAVE SUPPORT",
        "CN": "您肯定有支持"
    },
    {
        "page_number": 192,
        "EN": "ASSISTANCE WOULD MAKE YOUR PROGRESS A SUCCESS",
        "CN": "帮助会让你的进步取得成功"
    },
    {
        "page_number": 193,
        "EN": "COLLABORATION WILL BE THE KEY",
        "CN": "合作将是关键"
    },
    {
        "page_number": 194,
        "EN": "SEEK OUT MORE OPTIONS",
        "CN": "寻找更多选项"
    },
    {
        "page_number": 195,
        "EN": "TAKE CHARGE",
        "CN": "负责"
    },
    {
        "page_number": 196,
        "EN": "IT CANNOT FAIL",
        "CN": "它不能失败"
    },
    {
        "page_number": 197,
        "EN": "YOU MUST ACT NOW",
        "CN": "您必须立即行动"
    },
    {
        "page_number": 198,
        "EN": "RESPECT THE RULES",
        "CN": "尊重规则"
    },
    {
        "page_number": 199,
        "EN": "GENTLE PERSISTENCE WILL PAYOFF",
        "CN": "温和的坚持会得到回报"
    },
    {
        "page_number": 200,
        "EN": "YOU COULD BE DISAPPOINTED",
        "CN": "您可能会感到失望"
    },
    {
        "page_number": 201,
        "EN": "IT MAY ALREADY BE A DONE DEAL",
        "CN": "这可能已经达成了协议"
    },
    {
        "page_number": 202,
        "EN": "FOLLOW THROUGH WITH YOUR GOOD INTENTIONS",
        "CN": "贯彻您的善意"
    },
    {
        "page_number": 203,
        "EN": "TAKE MORE TIME TO DECIDE",
        "CN": "花更多时间来决定"
    },
    {
        "page_number": 204,
        "EN": "FOLLOW THROUGH ON YOUR OBLIGATIONS",
        "CN": "履行您的义务"
    },
    {
        "page_number": 205,
        "EN": "DON’T BE PRESSURED INTO ACTING TOO QUICKLY",
        "CN": "不要被迫太快行动"
    },
    {
        "page_number": 206,
        "EN": "DON’T IGNORE THE OBVIOUS",
        "CN": "不要忽视显而易见的"
    },
    {
        "page_number": 207,
        "EN": "OTHERS WILL RESPECT YOURCHOICES",
        "CN": "其他人会尊重您的选择"
    },
    {
        "page_number": 208,
        "EN": "DON’T BE TOO PRACTICAL",
        "CN": "不要太实际"
    },
    {
        "page_number": 209,
        "EN": "BE A GOOD ROLE MODEL",
        "CN": "成为一个好的榜样"
    },
    {
        "page_number": 210,
        "EN": "IT’S NOT WORTH A STRUGGLE",
        "CN": "不值得奋斗"
    },
    {
        "page_number": 211,
        "EN": "LISTEN CAREFULLY THEN YOUWILL KNOW",
        "CN": "仔细听然后你就会知道"
    },
    {
        "page_number": 212,
        "EN": "DON’T FORGET TO HAVE FUN",
        "CN": "别忘了玩得开心"
    },
    {
        "page_number": 213,
        "EN": "DON’T DOUBT IT",
        "CN": "不要怀疑"
    },
    {
        "page_number": 214,
        "EN": "A STRONG COMMITMENT WILL ACHIEVE GOOD RESULTS",
        "CN": "坚定的承诺将取得良好的结果"
    },
    {
        "page_number": 215,
        "EN": "TRY A MORE UNLIKELY SOLUTION",
        "CN": "尝试更不可能的解决方案"
    },
    {
        "page_number": 216,
        "EN": "LEAVE BEHIND OLD SOLUTIONS",
        "CN": "抛弃旧的解决方案"
    },
    {
        "page_number": 217,
        "EN": "KEEP IT TO YOURSELF",
        "CN": "留给自己"
    },
    {
        "page_number": 218,
        "EN": "WATCH YOUR STEP AS YOU GO",
        "CN": "在你走的时候注意你的脚步"
    },
    {
        "page_number": 219,
        "EN": "EXPLORE IT WITH PLAYFUL CURIOSITY",
        "CN": "带着俏皮的好奇心探索它"
    },
    {
        "page_number": 220,
        "EN": "DON’T BE TOO DEMANDING",
        "CN": "不要要求太高"
    },
    {
        "page_number": 221,
        "EN": "DON’T LEAVE ROOM FOR REGRET",
        "CN": "不要留下遗憾的余地"
    },
    {
        "page_number": 222,
        "EN": "ACT AS THOUGH IT IS ALREADY REAL",
        "CN": "表现得好像它已经是真实的一样"
    },
    {
        "page_number": 223,
        "EN": "IT ISN’T PERSONAL",
        "CN": "这不是个人的"
    },
    {
        "page_number": 224,
        "EN": "BE PERSISTENT",
        "CN": "坚持不懈"
    },
    {
        "page_number": 225,
        "EN": "CHOOSE WHAT WILL MAKE YOUHAPPY",
        "CN": "选择让您快乐的"
    },
    {
        "page_number": 226,
        "EN": "DON’T LET MONEY DECIDE IT",
        "CN": "不要让金钱决定"
    },
    {
        "page_number": 227,
        "EN": "IT WILL WORK ITSELF OUT",
        "CN": "它会自行解决"
    },
    {
        "page_number": 228,
        "EN": "IF IT’S TOO DIFFICULT, MAYBE IT’S NOT YOURS",
        "CN": "如果太难，也许它不是你的"
    },
    {
        "page_number": 229,
        "EN": "IT COULD MEAN THAT YOU MAYHAVE TO DO SOMETHING THATYOU’VE NEVER DONE",
        "CN": "这可能意味着您可能不得不做一些您从未做过的事情"
    },
    {
        "page_number": 230,
        "EN": "DECIDE WHERE YOU WANT TOBE AND HEAD IN THAT DIRECTION",
        "CN": "决定你想去的地方，然后朝那个方向走"
    },
    {
        "page_number": 231,
        "EN": "CAST YOUR NET WIDER",
        "CN": "撒网更广"
    },
    {
        "page_number": 232,
        "EN": "MAKE NO ASSUMPTIONS",
        "CN": "不做任何假设"
    },
    {
        "page_number": 233,
        "EN": "RESPECT THE FUNDAMENTALS",
        "CN": "尊重基本原则"
    },
    {
        "page_number": 234,
        "EN": "BE RESOURCEFUL",
        "CN": "足智多谋"
    },
    {
        "page_number": 235,
        "EN": "FIND MORE TIME",
        "CN": "查找更多时间"
    },
    {
        "page_number": 236,
        "EN": "NOTHING WILL COMPARE",
        "CN": "没有什么能比得上"
    },
    {
        "page_number": 237,
        "EN": "IT WILL BE AN OPPORTUNITY",
        "CN": "这将是一个机会"
    },
    {
        "page_number": 238,
        "EN": "DON’T GIVE UP YOUR RIGHT TO WAIT",
        "CN": "不要放弃等待的权利"
    },
    {
        "page_number": 239,
        "EN": "BE DELIBERATE",
        "CN": "深思熟虑"
    },
    {
        "page_number": 240,
        "EN": "WHY IS IT IMPORTANT TO YOU?",
        "CN": "为什么它对您很重要？"
    },
    {
        "page_number": 241,
        "EN": "DON’T LET THE MOMENT PASS",
        "CN": "不要让这一刻过去"
    },
    {
        "page_number": 242,
        "EN": "YOU’LL GET WHAT YOU SETTLEFOR",
        "CN": "你会得到你想要的"
    },
    {
        "page_number": 243,
        "EN": "CHOOSE WHATEVER WILL HELPYOU TO GROW",
        "CN": "选择任何能帮助你成长的东西"
    },
    {
        "page_number": 244,
        "EN": "BE KIND",
        "CN": "善良"
    },
    {
        "page_number": 245,
        "EN": "REALIZE THAT TOO MANY CHOICES CAN BE AS DIFFICULTAS TOO FEW",
        "CN": "意识到太多的选择和太少的选择一样困难"
    },
    {
        "page_number": 246,
        "EN": "TAKE A CHANCE",
        "CN": "抓住机会"
    },
    {
        "page_number": 247,
        "EN": "YOU WILL HAVE EVERYTHING NECESSARY FOR YOUR SUCCESS",
        "CN": "您将拥有成功所需的一切"
    },
    {
        "page_number": 248,
        "EN": "OTHERS MAY NOT APPROVE",
        "CN": "其他人可能不同意"
    },
    {
        "page_number": 249,
        "EN": "YOU’LL HAVE THE STRENGTH YOU’LL NEED",
        "CN": "您将拥有所需的力量"
    },
    {
        "page_number": 250,
        "EN": "INITIATE AN ADVENTURE",
        "CN": "开始冒险"
    },
    {
        "page_number": 251,
        "EN": "BE TACTFUL",
        "CN": "要机智"
    },
    {
        "page_number": 252,
        "EN": "YOU’LL NEED TO CONSIDER OTHER WAYS",
        "CN": "您需要考虑其他方式"
    },
    {
        "page_number": 253,
        "EN": "FIGURE OUT A WAY",
        "CN": "想办法"
    },
    {
        "page_number": 254,
        "EN": "IT COULD BE A MATTER OF PRIDE",
        "CN": "这可能是一个值得骄傲的问题"
    },
    {
        "page_number": 255,
        "EN": "PURSUE MORE VARIETY",
        "CN": "追求更多种类"
    },
    {
        "page_number": 256,
        "EN": "DON’T GET CAUGHT UP IN YOUR EMOTIONS",
        "CN": "不要被你的情绪所困扰"
    },
    {
        "page_number": 257,
        "EN": "PITCH IN WHATEVER YOU CAN",
        "CN": "尽你所能投入"
    },
    {
        "page_number": 258,
        "EN": "ARRIVE EARLY",
        "CN": "提前到达"
    },
    {
        "page_number": 259,
        "EN": "NO MATTER WHAT",
        "CN": "无论什么"
    },
    {
        "page_number": 260,
        "EN": "YOU ARE TOO CLOSE TO SEE",
        "CN": "你离得太近了，看不见"
    },
    {
        "page_number": 261,
        "EN": "YES",
        "CN": "是的"
    },
    {
        "page_number": 262,
        "EN": "DON’T TAKE A CHANCE",
        "CN": "不要冒险"
    },
    {
        "page_number": 263,
        "EN": "IT IS NOT SOMETHING TO BE TAKEN LIGHTLY",
        "CN": "这不是一件可以掉以轻心的事情"
    },
    {
        "page_number": 264,
        "EN": "BE CONTENT TO LEAVE WELL ENOUGH ALONE",
        "CN": "满足于独自一人"
    },
    {
        "page_number": 265,
        "EN": "TOO MUCH ATTENTION IS ON THE DETAILS",
        "CN": "太注重细节"
    },
    {
        "page_number": 266,
        "EN": "KEEP IT LIGHT",
        "CN": "保持轻松"
    },
    {
        "page_number": 267,
        "EN": "GET MORE SLEEP",
        "CN": "获得更多睡眠"
    },
    {
        "page_number": 268,
        "EN": "RECONSIDER A NOTHER POSSIBILITY",
        "CN": "重新考虑另一种可能性"
    },
    {
        "page_number": 269,
        "EN": "IT MAY NOT BE LOGICAL",
        "CN": "这可能不合逻辑"
    },
    {
        "page_number": 270,
        "EN": "THE ANSWER IS IN YOUR BACKYARD",
        "CN": "答案就在你的后院"
    },
    {
        "page_number": 271,
        "EN": "MAKE A CONTRIBUTION",
        "CN": "做出贡献"
    },
    {
        "page_number": 272,
        "EN": "USE YOUR IMAGINATION",
        "CN": "发挥你的想象力"
    },
    {
        "page_number": 273,
        "EN": "KNOW NO LIMITATIONS",
        "CN": "无限制"
    },
    {
        "page_number": 274,
        "EN": "BUILD SOMETHING BIGGER",
        "CN": "构建更大的内容"
    },
    {
        "page_number": 275,
        "EN": "AIM HIGHER",
        "CN": "目标更高"
    },
    {
        "page_number": 276,
        "EN": "TAKE IT IN STRIDE",
        "CN": "从容应对"
    },
    {
        "page_number": 277,
        "EN": "BE A GOOD SPORT",
        "CN": "做一个好的运动"
    },
    {
        "page_number": 278,
        "EN": "TAKE THE LEAD",
        "CN": "带头"
    },
    {
        "page_number": 279,
        "EN": "THERE IS A SMALL PRICE TO PAY",
        "CN": "要付出的代价很小"
    },
    {
        "page_number": 280,
        "EN": "DON’T BE TOO CRITICAL",
        "CN": "不要太挑剔"
    },
    {
        "page_number": 281,
        "EN": "PUT YOUR FEELINGS IN THE RIGHT PLACE",
        "CN": "把你的感受放在正确的位置"
    },
    {
        "page_number": 282,
        "EN": "IDENTIFY WHAT MATTERS ABOUT IT",
        "CN": "确定 IT 的重要内容"
    },
    {
        "page_number": 283,
        "EN": "HOW THINGS TURN OUT WILL DEPEND ON YOU",
        "CN": "事情的结果将取决于你"
    },
    {
        "page_number": 284,
        "EN": "LOOK FOR WHAT MAY BEHIDDEN",
        "CN": "寻找可能隐藏的东西"
    },
    {
        "page_number": 285,
        "EN": "LET YOUR EMOTIONS GUIDE YOU",
        "CN": "让您的情绪引导您"
    },
    {
        "page_number": 286,
        "EN": "REVEAL YOUR THOUGHTS TO A TRUSTED CONFIDANTE",
        "CN": "向值得信赖的知己透露您的想法"
    },
    {
        "page_number": 287,
        "EN": "TAKE A CLOSER LOOK",
        "CN": "仔细查看"
    },
    {
        "page_number": 288,
        "EN": "DON’T BE CONCERNED",
        "CN": "不用担心"
    },
    {
        "page_number": 289,
        "EN": "YOU CAN DO THIS ON YOUR OWN",
        "CN": "您可以自行执行此作"
    },
    {
        "page_number": 290,
        "EN": "ASK FOR HELP",
        "CN": "寻求帮助"
    },
    {
        "page_number": 291,
        "EN": "CREATE MORE SPACE FOR IT",
        "CN": "为它创造更多空间"
    },
    {
        "page_number": 292,
        "EN": "DIVERT YOUR ATTENTION",
        "CN": "转移您的注意力"
    },
    {
        "page_number": 293,
        "EN": "WHAT DO YOU WANT?",
        "CN": "你想要什么？"
    },
    {
        "page_number": 294,
        "EN": "DO YOUR BEST TO SET THE STANDARD",
        "CN": "尽最大努力设定标准"
    },
    {
        "page_number": 295,
        "EN": "THERE IS GOOD REASON TO BE OPTIMISTIC",
        "CN": "有充分的理由保持乐观"
    },
    {
        "page_number": 296,
        "EN": "DON’T BE DISTRACTED",
        "CN": "不要分心"
    },
    {
        "page_number": 297,
        "EN": "ENJOY A NEW SETTING",
        "CN": "享受新设置"
    },
    {
        "page_number": 298,
        "EN": "YOU WILL NEED TO ACCOMMODATE",
        "CN": "您需要适应"
    },
    {
        "page_number": 299,
        "EN": "REMAIN OBJECTIVE",
        "CN": "保持客观"
    },
    {
        "page_number": 300,
        "EN": "TELL SOMEONE WHAT IT MEANS TO YOU",
        "CN": "告诉别人这对你意味着什么"
    },
    {
        "page_number": 301,
        "EN": "CONSIDER IT AN OPPORTUNITY",
        "CN": "将其视为机会"
    },
    {
        "page_number": 302,
        "EN": "SEEK OUT THE PATH OF LEAST RESISTANCE",
        "CN": "寻找阻力最小的路径"
    },
    {
        "page_number": 303,
        "EN": "GOOD THINGS ARE SEEKING YOU OUT",
        "CN": "好事在寻找你"
    },
    {
        "page_number": 304,
        "EN": "IT WON’T MATTER WHEN YOU DO, BUT THAT YOU DO",
        "CN": "你什么时候这样做并不重要，但你这样做"
    },
    {
        "page_number": 305,
        "EN": "YOU MAY BE HANGING ON TO AN OUTDATED IDEAL",
        "CN": "你可能坚持着一个过时的理想"
    },
    {
        "page_number": 306,
        "EN": "IT’LL CHANGE YOUR LUCK",
        "CN": "它会改变你的运气"
    },
    {
        "page_number": 307,
        "EN": "DON’T RESIST",
        "CN": "不要抗拒"
    },
    {
        "page_number": 308,
        "EN": "FOLLOW THE DIRECTIONS",
        "CN": "按照指示作"
    },
    {
        "page_number": 309,
        "EN": "THE BEST SOLUTION MAY BE THE OBVIOUS ONE",
        "CN": "最好的解决方案可能是显而易见的"
    },
    {
        "page_number": 310,
        "EN": "DON’T BE TOO CAUTIOUS",
        "CN": "不要太谨慎"
    },
    {
        "page_number": 311,
        "EN": "YOU MAY REGRET IT",
        "CN": "你可能会后悔"
    },
    {
        "page_number": 312,
        "EN": "IS IT IMPORTANT TO YOU?",
        "CN": "它对您重要吗？"
    },
    {
        "page_number": 313,
        "EN": "CHOOSE YOUR WORDS CAREFULLY",
        "CN": "仔细选择你的词语"
    },
    {
        "page_number": 314,
        "EN": "LIMIT THE OPTIONS",
        "CN": "限制选项"
    },
    {
        "page_number": 315,
        "EN": "FOCUS YOUR ATTENTION",
        "CN": "集中注意力"
    },
    {
        "page_number": 316,
        "EN": "SHOULDN’T YOU BE OUTSIDE PLAYING?",
        "CN": "你不应该在外面玩吗？"
    },
    {
        "page_number": 317,
        "EN": "WOULD IT BE A PLEASURE?",
        "CN": "这会是一种乐趣吗？"
    },
    {
        "page_number": 318,
        "EN": "BE ON TIME",
        "CN": "准时"
    },
    {
        "page_number": 319,
        "EN": "ASK YOUR FATHER",
        "CN": "问问你的爸爸"
    },
    {
        "page_number": 320,
        "EN": "ASK YOUR MOTHER",
        "CN": "问问你的妈妈"
    },
    {
        "page_number": 321,
        "EN": "TAKE YOUR TIME",
        "CN": "别着急"
    },
    {
        "page_number": 322,
        "EN": "YES, BUT DON’T FORCE IT",
        "CN": "是的，但不要强迫它"
    },
    {
        "page_number": 323,
        "EN": "THERE IS MORE TO KNOW",
        "CN": "还有更多需要了解的内容"
    },
    {
        "page_number": 324,
        "EN": "FIND OUT THE FACTS",
        "CN": "了解事实"
    },
    {
        "page_number": 325,
        "EN": "NOT IF YOU’RE ALONE",
        "CN": "如果你一个人，则不会"
    },
    {
        "page_number": 326,
        "EN": "UNCOVER MORE DETAILS",
        "CN": "发现更多细节"
    },
    {
        "page_number": 327,
        "EN": "YOUR HEART ISN’T IN IT",
        "CN": "你的心不在其中"
    },
    {
        "page_number": 328,
        "EN": "BE HAPPY FOR ANOTHER",
        "CN": "为另一个人感到高兴"
    },
    {
        "page_number": 329,
        "EN": "YOU ARE FAVORED",
        "CN": "您受到青睐"
    },
    {
        "page_number": 330,
        "EN": "NEVER",
        "CN": "从不"
    },
    {
        "page_number": 331,
        "EN": "A YEAR FROM NOW IT WON’T MATTER",
        "CN": "一年后，这无关紧要"
    },
    {
        "page_number": 332,
        "EN": "ARE YOU READY?",
        "CN": "准备好了吗？"
    },
    {
        "page_number": 333,
        "EN": "YOU MUST",
        "CN": "您必须"
    },
    {
        "page_number": 334,
        "EN": "NO",
        "CN": "不"
    },
    {
        "page_number": 335,
        "EN": "CONSERVE YOUR RESOURCES",
        "CN": "节约您的资源"
    },
    {
        "page_number": 336,
        "EN": "BE A GOOD ROLE MODEL",
        "CN": "成为一个好的榜样"
    },
    {
        "page_number": 337,
        "EN": "NEGOTIATE A BETTER DEAL",
        "CN": "协商更好的交易"
    },
    {
        "page_number": 338,
        "EN": "FAVOR THE GOOD THINGS",
        "CN": "偏爱美好的事物"
    },
    {
        "page_number": 339,
        "EN": "DON’T LET IT BE RUINED BY REASON",
        "CN": "不要让它被理性毁掉"
    },
    {
        "page_number": 340,
        "EN": "SLEEP ON IT",
        "CN": "把问题留到第二天解决"
    },
    {
        "page_number": 341,
        "EN": "DO YOUR BEST",
        "CN": "尽力而为"
    },
    {
        "page_number": 342,
        "EN": "IT IS NOT SIGNIFICANT",
        "CN": "它并不重要"
    },
    {
        "page_number": 343,
        "EN": "YOU HAVE SO MUCH TO OFFER",
        "CN": "您有很多东西可以提供"
    },
    {
        "page_number": 344,
        "EN": "KNOW WHAT’S IMPORTANT TO YOU",
        "CN": "了解什么对您来说很重要"
    },
    {
        "page_number": 345,
        "EN": "YOU DESERVE THE BEST",
        "CN": "您值得拥有最好的"
    },
    {
        "page_number": 346,
        "EN": "BETTER THINGS ARE SEEKING YOU OUT",
        "CN": "更好的事物正在寻找您"
    },
    {
        "page_number": 347,
        "EN": "IT’S UP TO YOU",
        "CN": "由您决定"
    },
    {
        "page_number": 348,
        "EN": "CHOOSE WHAT MAKES YOU HAPPY",
        "CN": "选择让您快乐的事情"
    },
    {
        "page_number": 349,
        "EN": "LET YOUR HEART LEAD THE WAY",
        "CN": "让您的心引领道路"
    },
    {
        "page_number": 350,
        "EN": "DON’T GET CAUGHT UP IN THE DETAILS",
        "CN": "不要纠结于细节"
    }
]